year,avg_flights_per_customer
2017,1.1682993197278913
2018,1.4147426623595394
